#name	% gc	# bp
NC_016912	33	2692570
NC_014010	49	2753527
NC_014957	67	56340
NC_017620	41	2177656
NC_007643	65	4352825
NC_010551	67	3443583
NC_005773	58	5928787
NC_015510	47	8371686
NC_009255	67	2411759
NC_011047	21	601943
NC_009959	69	72296
NC_008639	48	3133902
NC_014206	52	3650813
NC_009617	30	6000632
NC_016606	39	2450
NC_009706	32	3964618
NC_014109	28	574390
NC_012109	42	68709
NC_009787	52	34367
NC_017340	33	2821452
NC_007530	35	5227419
NC_014842	55	116877
NC_007164	61	2462499
NC_013009	41	879977
NC_017412	32	29993
NC_017109	59	1815
NC_014910	68	4637013
NC_014506	35	2153198
NC_007515	52	13762
NC_009789	53	6199
NC_008701	50	1826402
NC_014931	66	6550056
NC_016947	68	5409696
NC_013451	36	1442
NC_010408	69	94791
NC_017346	31	2241
NC_009033	36	1570485
NC_013158	63	3116795
NC_015458	57	3883605
NC_014762	45	2574824
NC_017858	55	47825
NC_012918	60	4745806
NC_004253	66	3661
NC_017045	35	2164087
NC_009454	53	3025375
NC_015059	53	115493
NC_013211	53	182940
NC_015385	39	2731853
NC_015564	62	4738809
NC_017516	51	2240883
NC_009381	48	4517345
NC_015914	38	6221273
NC_012780	37	626744
NC_005005	28	17261
NC_014749	31	58717
NC_017266	50	99286
NC_005877	36	1545895
NC_014410	34	2785752
NC_012847	36	28192
NC_017046	52	4876219
NC_009998	43	75605
NC_015688	26	11123
NC_013129	28	52916
NC_006832	27	1512977
NC_017588	69	265886
NC_017520	39	1155937
NC_008513	20	416380
NC_017799	27	2105
NC_012467	40	2111882
NC_009974	53	99204
NC_016641	47	6083395
NC_011420	70	4355543
NC_016011	37	2928879
NC_012759	51	4578159
NC_010635	45	69812
NC_008571	37	3798465
NC_017212	33	9547
NC_012926	41	2146229
NC_011529	51	1847607
NC_017493	35	49219
NC_001264	67	412348
NC_011145	75	5061632
NC_004704	39	37393
NC_013940	24	308544
NC_017810	35	5113
NC_012988	68	5943768
NC_008264	26	12206
NC_009432	64	36198
NC_013525	48	2026947
NC_013733	44	36434
NC_017491	47	2960339
NC_014005	64	31776
NC_011883	58	2873437
NC_009883	32	1528980
NC_017290	39	1172032
NC_015560	64	17897
NC_015155	31	742431
NC_017821	24	2469
NC_017207	31	8513
NC_006461	70	1849742
NC_016783	54	2449071
NC_014724	38	2067702
NC_009621	60	1245408
NC_010168	56	3155250
NC_009616	31	1915238
NC_010679	58	121122
NC_017583	61	2560222
NC_015963	52	166725
NC_003277	53	93939
NC_005072	31	1657990
NC_017150	53	2815241
NC_016631	58	6237577
NC_017501	51	2277550
NC_007146	38	1914490
NC_010699	51	44694
NC_009828	39	2135342
NC_016808	40	2349518
NC_017321	53	4042
NC_009465	32	1022154
NC_009523	60	5801598
NC_008783	38	1445021
NC_009457	48	3024069
NC_013743	66	3889038
NC_017073	45	73380
NC_014814	68	5547747
NC_001904	24	9386
NC_010376	32	1797577
NC_009840	31	1738790
NC_015876	38	4727
NC_009430	68	289489
NC_017585	73	1812548
NC_015690	58	8663821
NC_015602	38	2113023
NC_017444	50	2691
NC_016941	32	2762785
NC_003888	72	8667507
NC_007575	34	2201561
NC_010476	49	4809
NC_017471	34	4541
NC_001854	25	27323
NC_015433	41	2028815
NC_006958	54	3282708
NC_013093	74	8248144
NC_011526	40	39280
NC_015153	31	709270
NC_011779	32	29758
NC_017398	29	29615
NC_008009	58	5650368
NC_017440	41	1042875
NC_008713	61	300725
NC_017241	27	57919
NC_006530	40	44013
NC_012781	41	3449685
NC_012588	35	2608832
NC_015957	71	10657107
NC_017394	29	60739
NC_014209	34	2306092
NC_012667	47	1086784
NC_015699	39	7047
NC_017186	71	10236779
NC_009464	55	3179916
NC_015847	33	1746697
NC_000949	29	30223
NC_004631	52	4791961
NC_012726	35	2586647
NC_017102	54	3204
NC_007969	42	3059876
NC_015658	62	436718
NC_013510	72	5639016
NC_015593	64	3080818
NC_010516	28	3958233
NC_003425	22	5280
NC_017548	67	6327754
NC_017327	60	1633319
NC_014000	46	37151
NC_006629	30	4440
NC_015966	64	3225536
NC_017158	50	96046
NC_015187	62	65564
NC_015167	32	3765936
NC_017546	38	2973801
NC_016598	30	3816
NC_013524	68	1252731
NC_015429	40	18513
NC_008500	37	4449
NC_017028	32	1407796
NC_016511	60	2498766
NC_013214	56	3035
NC_017554	54	4586378
NC_012914	50	7184930
NC_004432	26	1358633
NC_011667	62	78374
NC_017404	33	24354
NC_007352	31	22870
NC_015471	38	54159
NC_014753	66	135351
NC_011407	48	6929
NC_013173	59	3942657
NC_014230	34	2952962
NC_016768	66	4394985
NC_017135	54	49961
NC_015219	37	20765
NC_009848	41	3704465
NC_012969	55	2995511
NC_014825	44	352646
NC_010169	57	1923763
NC_016772	37	47972
NC_012849	62	273136
NC_016848	53	1139744
NC_014555	39	1629557
NC_002490	50	51158
NC_014006	65	3514822
NC_011143	69	382976
NC_010382	37	4639821
NC_011274	52	4658697
NC_015556	64	4920769
NC_014448	26	839615
NC_002745	33	2814816
NC_013406	51	7121665
NC_013597	42	43970
NC_007953	62	1471779
NC_007778	66	5331656
NC_014761	70	2303940
NC_007354	29	1315030
NC_012778	38	2144190
NC_015667	59	181778
NC_011282	47	187922
NC_017476	44	57362
NC_010381	33	177642
NC_015635	67	5683123
NC_009997	46	5347283
NC_016840	52	3751
NC_015931	55	1843267
NC_010163	32	1496992
NC_010843	39	277655
NC_011888	61	20286
NC_015910	29	30767
NC_014830	71	4024382
NC_013515	26	1662578
NC_003267	41	101965
NC_014246	55	2146480
NC_010655	56	2664102
NC_008769	66	4374522
NC_008786	65	5566749
NC_011738	37	328635
NC_010397	64	5067172
NC_013742	40	2801
NC_009615	45	4811379
NC_015922	24	23029
NC_017740	39	1616909
NC_015416	51	3008626
NC_008595	69	5475491
NC_015160	43	4392288
NC_007434	68	4126292
NC_017487	35	35934
NC_012852	61	350312
NC_016810	52	4878012
NC_015311	50	2937589
NC_007411	38	35762
NC_017807	54	48515
NC_006389	54	33303
NC_006510	52	3544776
NC_017283	57	1176758
NC_015170	66	132270
NC_015738	56	3123671
NT_167351	25	15403
NC_010002	66	6767514
NC_009226	62	88096
NC_009008	67	37100
NC_014388	40	302358
NC_009937	67	5369772
NC_015275	34	4714237
NC_002528	26	640681
NC_015675	63	6884444
NC_008565	24	59804
NC_009976	38	1688963
NC_008609	59	4008000
NC_017188	46	3937511
NC_017448	48	3843004
NC_009956	65	152970
NC_017322	63	3671982
NC_007520	43	2427734
NC_017560	29	1111612
NC_014250	34	21875
NC_007109	32	1485148
NC_017384	62	2766400
NC_017417	24	20672
NC_009505	57	2111370
NC_011663	46	5145902
NC_012792	67	1128644
NC_016628	51	1621862
NC_017075	71	5043253
NC_006831	28	1499920
NC_010335	67	233649
NC_011262	28	31021
NC_009700	26	17531
NC_007946	51	5065741
NC_016150	32	3088
NC_015216	36	2583753
NC_017743	44	4120406
NC_014962	62	5472964
NC_016037	58	255866
NC_008023	39	1860355
NC_011602	53	6147
NC_017720	53	93842
NC_011732	39	22636
NC_009697	28	3863450
NC_015903	30	30294
NC_013355	47	2124771
NC_007713	49	83306
NC_012814	60	1938709
NC_016932	52	2310415
NC_011729	39	5942652
NC_009497	30	877438
NC_011026	45	3293456
NC_000959	56	45704
NC_017347	33	2913900
NC_008021	39	1836467
NC_015979	38	58739
NC_002162	25	751719
NC_016110	68	188552
NC_017718	50	86908
NC_013161	40	4669813
NC_017416	25	29424
NC_008146	68	5705448
NC_009796	33	16457
NC_017649	42	4197
NC_009142	71	8212805
NC_016512	60	2522885
NC_017813	25	14016
NC_017357	39	1549666
NC_016814	59	144082
NC_014215	67	2616384
NC_017565	44	72460
NC_017779	27	9473
NC_017319	46	223364
NC_010465	48	4689441
NC_011740	50	4588711
NC_007493	69	3188609
NC_014108	47	84653
NC_014540	63	2966498
NC_014628	38	510115
NC_015911	24	10209
NC_017426	29	31085
NC_010718	36	3165557
NC_010368	60	284332
NC_016599	40	4000057
NC_013156	32	1485061
NC_013894	47	1500577
NC_015572	51	5051681
NC_009673	30	7135
NC_004603	45	3288558
NC_010721	67	23392
NC_017151	54	49961
NC_010623	62	2697374
NC_002947	62	6181863
NC_016839	52	105974
NC_005085	65	4751080
NC_014013	66	681892
NC_007509	65	1395069
NC_015410	63	5434353
NC_005027	55	7145576
NC_013132	45	9127347
NC_017376	39	1607577
NC_014532	64	4061296
NC_017529	38	2979198
NC_017535	60	2560282
NC_014212	62	3249394
NC_013169	72	2785024
NC_013948	30	1006702
NC_016112	49	4668296
NC_007608	47	126697
NC_017079	59	5144873
NC_014538	35	2456520
NC_005707	33	208369
NC_007181	37	2225959
NC_011745	51	5209548
NC_011294	52	4685848
NC_017386	61	267986
NC_014310	66	2085000
NC_014966	47	1813536
NC_017540	58	5259571
NC_017225	29	30065
NC_016607	40	23136
NC_009882	32	1257710
NC_017811	16	4141
NC_007650	68	2914771
NC_014034	67	3738958
NC_004670	33	17963
NC_000953	29	30885
NC_013715	60	2264603
NC_010086	67	2472928
NC_017449	32	1945310
NC_017409	25	22827
NC_011265	29	27476
NC_013856	67	723779
NC_010943	66	4851126
NC_017786	27	40912
NC_012491	47	6296436
NC_013531	71	88604
NC_017020	34	31974
NC_006841	37	1330333
NC_016937	32	1892744
NC_006274	35	5300915
NC_008042	56	130973
NC_007719	22	5104
NC_011775	30	209488
NC_003042	25	54310
NC_017153	45	68342
NC_017164	34	8041
NC_014378	37	2469596
NC_017334	31	5246
NC_017797	25	23530
NC_004829	31	1012800
NC_016796	57	1170489
NC_011025	31	820453
NC_017080	73	3803225
NC_015430	44	18019
NC_014501	40	6091620
NC_008544	67	1055417
NC_014720	35	2843785
NC_017763	33	2832299
NC_009051	62	2478101
NC_014634	32	124226
NC_005871	44	80033
NC_010511	72	7659055
NC_017661	46	5360
NC_014158	68	4379918
NC_004460	47	1844830
NC_013235	71	6060298
NC_016831	52	4637962
NC_006156	28	904246
NC_008253	51	4938920
NC_016028	59	28572
NC_003922	61	64920
NC_013861	37	4077332
NC_008577	48	4972204
NC_014640	66	7013095
NC_016817	51	302599
NC_007595	53	46366
NC_016800	54	2485519
NC_016749	38	2130034
NC_015147	62	94456
NC_012997	51	5193164
NC_000908	32	580076
NC_010502	61	27836
NC_009376	55	2121076
NC_017659	51	147060
NC_007487	62	3637
NC_016775	57	1207451
NC_017054	53	93877
NC_017438	36	7480
NC_014153	64	3396378
NC_016624	68	478032
NC_010579	49	38297
NC_014558	39	53560
NC_017452	38	1819370
NC_016915	32	1270751
NC_013010	48	94601
NC_009783	46	3765351
NS_000194	32	5362
NC_005297	60	8427
NC_003919	65	5175554
NC_015851	57	251782
NC_017056	29	1111445
NC_011563	44	4149
NC_017447	68	3237
NC_015561	62	106784
NC_017316	38	2739625
NC_012779	57	3812315
NC_008509	40	317336
NC_008381	60	488135
NC_014210	73	5767958
NC_017820	24	3204
NC_004741	51	4599354
NC_014803	40	3332787
NC_008014	33	194553
NC_010515	67	3213911
NC_008762	56	21611
NC_013450	33	2824404
NC_008526	47	2895264
NC_017383	33	7326
NC_017646	51	5313531
NC_009661	44	83224
NC_015744	41	1038313
NC_009429	68	877879
NC_017644	51	4971461
NC_015511	46	164019
NC_010688	65	5079002
NC_017349	33	2750834
NC_013166	44	2852073
NC_010793	31	2008987
NC_017403	29	922801
NC_003116	52	2184406
NC_014562	56	4024986
NC_016633	46	3590853
NC_013123	23	276984
NC_017474	46	3069926
NC_015638	31	3296168
NC_010577	52	2535690
NC_014170	46	155327
NC_015685	61	167269
NC_004578	58	6397126
NC_008508	40	3614446
NC_010263	32	1268188
NC_009777	44	89008
NC_011283	57	5641239
NC_014539	63	4077097
NC_011728	29	906707
NC_007385	45	214396
NC_017136	53	191411
NC_012001	35	4226
NC_014563	51	165693
NC_007498	55	3665893
NC_005835	69	1894877
NC_011226	28	15049
NC_014226	38	15593
NC_015741	58	93578
NC_008566	24	34273
NC_003112	52	2272360
NC_014150	28	3241804
NC_006576	55	2696255
NC_017176	28	45258
NC_009669	56	170351
NC_003198	52	4809037
NC_013202	66	3110487
NC_016823	46	5153
NC_012811	68	1261460
NC_014030	60	61373
NC_014537	45	2374137
NC_011246	26	123937
NC_017240	25	30180
NC_014614	33	2715461
NC_006578	33	77112
NC_001880	36	39456
NC_014731	57	339010
NC_011979	53	4304501
NC_015065	59	300292
NC_010724	36	8689
NC_014392	35	2532343
NC_017581	39	1929905
NC_017127	54	49961
NC_009138	54	3424307
NC_009428	68	3217726
NC_009641	33	2878897
NC_014304	52	102323
NC_015725	29	948121
NC_003413	41	1908256
NC_007335	35	1842899
NC_007491	62	271577
NC_009620	61	1570951
NC_016812	63	4305723
NC_017051	29	1109051
NC_000948	29	30750
NC_009931	47	172728
NC_010333	64	177878
NC_015730	57	4505211
NC_013973	56	71487
NC_006376	34	2365
NC_017432	41	1042811
NC_010981	34	1482455
NC_015919	28	55219
NC_006395	59	410554
NC_014394	53	3162471
NC_013891	37	2797636
NC_001851	33	28155
NC_016585	68	1040425
NC_011989	58	3726375
NC_008771	59	31194
NC_011499	35	10225
NC_014737	65	17535
NC_013736	47	7683
NC_009077	68	6048425
NC_017034	53	2378438
NC_015949	36	2674809
NC_015379	61	6843248
NC_008389	56	5824
NC_017178	29	4179867
NC_010514	63	42985
NC_017435	36	7493
NC_017530	62	5731541
NC_011371	61	257956
NC_015596	62	1680879
NC_015512	46	143757
NC_015558	36	2143887
NC_014159	68	99806
NC_014155	60	19774
NC_003364	51	2222430
NC_012115	34	1676444
NC_011731	29	30330
NC_011184	39	2905029
NC_007348	65	2726152
NC_010629	42	26419
NC_011001	67	3217062
NC_009515	31	1853160
NC_003106	33	2694756
NC_007964	62	4406967
NC_017351	33	2846546
NC_009338	68	5619607
NC_009455	47	1341892
NC_017453	32	1892681
NC_010741	53	1139457
NC_014131	34	21055
NC_017764	40	2378127
NC_017295	31	3940230
NC_014125	38	3516334
NC_010117	43	2016427
NC_016002	64	4332995
NC_017366	39	1578824
NC_017665	50	102535
NC_007616	50	17036
NC_003912	30	1777831
NC_006371	41	2237943
NC_010479	43	38515
NC_017106	54	3204
NC_015859	67	3433007
NC_017555	57	27212
NC_010604	68	23317
NC_017149	53	182940
NC_010693	49	46159
NC_005071	51	2410873
NC_015378	60	128650
NC_007714	45	27240
NC_015146	62	190450
NC_016590	64	1569570
NC_013131	70	10467782
NC_007516	59	2510659
NC_001903	26	26498
NC_008593	29	2547720
NC_014622	45	5731816
NC_008228	45	5187005
NC_017284	26	37174
NC_010939	41	2331981
NC_002655	50	5528445
NC_015144	36	2272954
NC_017551	35	4349158
NC_009332	39	1841271
NC_015259	67	4649365
NC_010280	41	1038863
NC_013858	68	628837
NC_008763	57	9898
NC_016024	61	2683362
NC_015417	26	203287
NC_009633	37	4929566
NC_011564	36	37560
NC_014498	40	2240045
NC_010175	57	5258541
NC_007948	62	5200264
NC_007337	65	87688
NC_017483	32	44098
NC_009508	61	222757
NC_011072	40	2078953
NC_012526	63	2819842
NC_013596	70	28204
NC_016886	51	16887
NC_003273	42	55414
NC_011316	36	4327
NC_010605	38	28279
NC_014118	63	2593966
NC_000917	49	2178400
NC_017422	27	17483
NC_011727	40	16601
NC_017157	45	69665
NC_011662	68	4496212
NC_017123	54	3204
NC_009802	39	2052007
NC_004663	43	6260361
NC_016837	35	19829
NC_006142	29	1111496
NC_014121	55	5314581
NC_017561	49	26180
NC_010696	40	35494
NC_017195	44	4011949
NC_015673	57	2601311
NC_014214	67	124421
NC_011263	31	6131
NC_001988	31	192000
NC_009482	61	2224914
NC_010803	51	2763181
NC_015426	26	98732
NC_017662	46	5360
NC_004668	38	3218031
NC_017631	51	5131397
NC_005007	32	4679
NC_015735	44	538294
NC_005363	51	3782950
NC_012586	62	2430033
NC_014375	68	3445263
NC_017595	40	2210574
NC_009806	69	182572
NC_014331	33	181907
NC_004719	69	94287
NT_167352	23	6847
NC_005957	35	5237682
NC_013521	72	4253413
NC_010815	53	77113
NC_007274	54	131950
NC_017139	36	74613
NC_017148	56	3035
NC_014544	38	71826
NC_013385	59	2129237
NC_011739	42	33809
NC_017324	60	1616209
NC_014107	52	199562
NC_002179	41	1229853
NC_016591	59	356263
NC_009091	31	1641879
NC_013124	68	2158157
NC_013942	49	66001
NC_008784	69	1734922
NC_017741	39	1663456
NC_015703	47	6568739
NC_016815	62	2096125
NC_008702	68	4376040
NC_010942	42	5685
NC_012891	40	2106340
NC_008320	43	6499
NC_013364	51	5371077
NC_014915	52	3628883
NC_017170	44	8431
NC_015942	57	3207552
NC_010123	64	16610
NC_007947	56	2971517
NC_002488	53	2679306
NC_011768	54	6517073
NC_017126	53	182940
NC_013162	40	2612925
NC_012624	36	42245
NC_017203	33	281231
NC_017410	24	17522
NC_007275	56	51711
NC_016774	35	3091
NC_014207	43	3059871
NC_009954	43	2077567
NC_017372	39	1675918
NC_006365	37	131885
NC_017131	53	182940
NC_006139	44	121587
NC_012522	68	7913450
NC_009485	65	8264687
NC_011760	64	22617
NC_008709	40	4559598
NC_010801	66	919805
NC_016846	53	111195
NC_015948	64	2995271
NC_013768	38	2999054
NC_017367	39	1609006
NC_011593	60	2832748
NC_017204	35	51488
NC_016806	39	3347
NC_007404	66	2909809
NC_010556	48	3034136
NC_013744	61	698495
NC_002663	40	2257487
NC_015943	57	488918
NC_013163	42	23870
NC_013168	38	11263
NC_007511	67	3587082
NC_009517	40	2117
NC_011750	51	5132068
NC_015918	28	30502
NC_004925	52	5247
NC_017766	69	164566
NC_012880	55	4679450
NC_017773	49	75160
NC_013411	52	3622844
NC_015422	68	4995263
NC_005955	39	1581384
NC_008345	42	4845257
NC_010336	33	2045775
NC_017064	36	5289
NC_017557	58	24837
NC_015180	59	14328
NC_015681	42	2322224
NC_014837	55	4368708
NC_017271	65	4941214
NC_014533	38	879545
NC_011375	39	1815785
NC_009481	60	2366980
NC_011264	30	31663
NC_017111	53	2904642
NC_015682	31	1634377
NC_012580	47	1046382
NC_004431	50	5231428
NC_017796	27	28620
NC_015380	32	1284727
NC_002927	68	5339179
NC_017202	32	127885
NC_008309	37	2007700
NC_009343	54	49120
NC_016847	43	3353
NC_014151	74	4123179
NC_009484	68	3389227
NC_008213	48	46867
NC_017232	24	24675
NC_008261	28	3256683
NC_001856	26	38829
NC_008386	56	106469
NC_009674	36	4087024
NC_011832	55	2922917
NC_007323	33	94830
NC_017775	24	5135
NC_017166	33	70894
NC_017101	53	191427
NC_015920	32	29448
NC_015217	33	7553
NC_007412	42	300758
NC_008226	28	7881
NC_014100	68	4655622
NC_011204	49	74551
NC_011295	45	1424912
NC_017798	24	18431
NC_007384	51	4825265
NC_001318	29	910724
NC_011836	33	59182
NC_008563	51	5082025
NC_012751	40	2110331
NC_017180	43	32479
NC_014298	55	406285
NC_011882	47	34726
NC_006366	38	59832
NC_002578	46	1564906
NC_010487	43	3565
NC_014026	63	11229
NC_011969	36	5214195
NC_001849	23	16821
NC_014479	44	4027676
NC_007626	65	4967148
NC_016825	46	181431
NC_012947	51	4570938
NC_017214	60	1942198
NC_009345	55	8401
NC_017249	64	9207384
NC_006368	38	3503610
NC_007406	62	3402093
NC_004337	51	4607202
NC_014932	36	1522743
NC_008273	29	30017
NC_016813	58	24036
NC_017062	29	1112957
NC_010485	47	8909
NC_015067	60	2385164
NC_016608	41	36338
NC_013172	72	3614992
NC_008122	45	70299
NC_017159	45	9608
NC_006298	35	5178
NC_006676	60	2687
NC_015694	41	66926
NC_017265	48	4532063
NC_007776	58	3046682
NC_014248	38	5354700
NC_017658	53	6211
NC_011893	64	40463
NC_012490	62	6516310
NC_008696	57	31504
NC_008265	28	38092
NC_012440	37	1930284
NC_008010	66	574127
NC_016779	35	5222906
NC_004721	38	15274
NC_007576	41	1884661
NC_009380	69	5183331
NC_017071	44	4693
NC_008369	32	1895727
NC_007912	46	5057531
NC_017066	29	1112372
NC_016832	52	4768352
NC_014754	41	118585
NC_017374	39	1548238
NC_011229	28	931674
NC_005813	45	70159
NC_017173	29	4159517
NC_011720	28	48168
NC_010542	38	14685
NC_017183	45	32283
NC_008387	59	69269
NC_009035	47	116763
NC_017294	28	1586397
NC_017105	53	182940
NC_008825	69	4044195
NC_004671	34	57660
NC_011315	38	5360
NC_017430	41	1042354
NC_010995	52	4576573
NC_016745	61	3514537
NC_013438	33	31045
NC_017219	60	2828958
NC_015873	53	2474718
NC_015758	66	4389314
NC_015865	56	2011320
NC_017402	29	30658
NC_013716	55	5346659
NC_000964	44	4215606
NC_017345	28	24491
NC_012943	66	4398250
NC_010539	37	39620
NC_012913	42	2313035
NC_013422	55	2582886
NC_010162	71	13033779
NC_011656	35	45173
NC_007622	33	2742531
NC_017635	51	4900968
NC_011981	57	631775
NC_015676	39	2138444
NC_012527	61	324711
NC_008739	53	213290
NC_013857	67	681723
NC_009778	57	4368373
NC_003064	57	542868
NC_014025	34	66985
NC_012036	39	8291
NC_009472	61	8781
NC_009342	54	3314179
NC_014098	59	3384766
NC_012002	36	4061
NC_004343	35	359372
NC_015320	47	1901943
NC_007972	61	171459
NC_008543	67	2998664
NC_008278	73	7497934
NC_008313	66	4052032
NC_015501	52	2186370
NC_010371	30	189163
NC_014801	29	44084
NC_017333	33	2872582
NC_017053	38	1781029
NC_014817	60	1315949
NC_017348	29	2993
NC_012794	40	33899
NC_014318	71	10236715
NC_006663	32	27310
NC_011665	47	59223
NC_008391	67	2646969
NC_017650	51	1549
NC_005945	35	5228663
NC_017511	53	2154835
NC_009975	33	1744193
NC_017132	54	3204
NC_016842	53	1139330
NC_002489	56	1286
NC_015726	66	3872936
NC_011835	60	1933695
NC_017317	53	2502095
NC_015500	51	3055580
NC_002506	47	1072315
NC_013852	62	102242
NC_007960	61	188318
NC_003270	41	40340
NC_004350	37	2032925
NC_013798	38	2350911
NC_005861	35	2414465
NC_017792	60	72036
NS_000195	38	2246820
NC_013522	64	1848474
NC_017458	52	6056
NC_017364	37	2557
NC_014009	61	5398
NC_009135	33	1780761
NC_011000	67	3870082
NC_016855	53	93832
NC_017832	69	3138747
NC_013191	59	37695
NC_007950	60	338007
NC_007171	30	8180
NC_016795	57	2123773
NC_008270	64	442536
NC_016077	50	2487765
NC_009446	44	1389350
NC_012623	35	2812165
NC_017282	29	43222
NC_013853	40	2146611
NC_012985	36	1227328
NC_012850	61	4767043
NC_004722	35	5411809
NC_004923	57	5424
NC_017480	39	20426
NC_014758	36	2157835
NC_017456	41	1726519
NC_008531	38	2038396
NC_010488	51	130440
NC_017424	29	30154
NC_006363	68	87093
NC_015062	52	616549
NC_014303	61	6951
NC_014376	45	4662871
NC_017794	30	18092
NC_013738	48	6072
NC_014257	36	6032
NC_017523	66	4398812
NC_016582	71	11936683
NC_010541	41	31856
NC_014550	59	3859257
NC_006270	46	4222597
NC_009930	45	177162
NC_009712	55	2542943
NC_017293	59	138931
NC_002689	40	1584804
NC_015431	24	1153998
NC_013315	29	4110554
NC_013526	64	1074634
NC_012559	62	3169329
NC_008274	26	26533
NC_013201	64	221862
NC_017816	32	3281
NC_012125	52	4833080
NC_016601	67	66907
NC_011766	45	1365223
NC_013167	39	22723
NC_016046	43	60586
NC_009901	45	5174581
NC_013160	39	75678
NC_014750	40	4916
NC_011254	30	42153
NC_017739	39	1665719
NC_014012	45	4962103
NC_015945	41	3842422
NC_017129	59	1815
NC_012121	35	2566424
NC_014826	37	15907
NC_017734	37	8304
NC_004116	36	2160267
NC_016626	63	1951047
NC_017352	33	29585
NC_011027	56	2289249
NC_008785	68	3497479
NC_009708	48	4723306
NC_008209	59	4133097
NC_011071	66	4573969
NC_017481	33	1828169
NC_012961	41	29330
NC_008505	35	74750
NC_011312	39	3325165
NC_014500	56	4922802
NS_000192	34	11650
NC_016843	53	1139417
NC_010501	61	5774330
NC_006138	47	3523383
NC_016909	32	1267197
NC_010813	53	29037
NC_007104	31	5108
NC_017437	41	1044326
NC_008384	61	684202
NC_017103	56	3035
NC_012034	35	2919718
NC_017247	57	1185778
NC_009779	52	31208
NC_011916	67	4042929
NC_013509	57	43703
NC_010546	38	4934271
NC_000957	24	5228
NC_003385	51	106516
NC_015917	25	27319
NC_004565	25	74082
NC_015946	27	832603
NC_013119	57	2117050
NC_017664	51	4897452
NC_009566	38	1813033
NC_012960	58	143795
NC_009634	31	1720048
NC_016510	31	3162432
NC_008319	52	2606748
NC_013502	58	125133
NC_011245	29	28343
NC_017524	66	4398525
NC_007760	75	5013479
NC_015224	47	4552107
NC_011249	29	35831
NC_014623	67	10260756
NC_013194	64	5058518
NC_009929	46	226680
NC_017532	64	4689946
NC_004344	22	697724
NC_011655	34	270082
NC_017464	34	3658997
NC_017246	57	2126451
NC_017335	32	4381
NC_004943	65	3626
NC_008312	34	7750108
NC_017363	34	16029
NC_017790	71	3137147
NC_011586	39	4050513
NC_010466	38	31463
NC_017742	39	1660685
NC_016786	53	2427149
NC_017323	62	1690594
NC_009654	43	5100344
NC_008541	65	4698945
NC_010418	26	266785
NC_016821	38	24548
NC_014812	64	23681
NC_008542	67	3483902
NC_014301	55	44459
NC_013739	73	6359369
NC_016634	66	19716
NC_015693	46	106999
NC_017341	33	2924344
NC_013363	46	5686
NC_017669	43	16047
NC_012207	66	4371711
NC_005295	27	1516355
NC_015567	56	5442880
NC_014841	53	318111
NC_014219	49	3592487
NC_010080	37	2080931
NC_010678	64	1302238
NC_010681	63	4467537
NC_016801	54	2499189
NC_014816	59	2588221
NC_000919	53	1138011
NC_015174	56	6006602
NC_005061	27	705557
NC_007766	61	642517
NC_008700	54	4306142
NC_005230	44	103307
NC_017215	60	1943113
NC_015657	43	5448
NC_017236	30	20715
NC_017866	60	1938595
NC_014017	45	68342
NC_014960	54	3532378
NC_017580	43	91728
NC_017574	67	3481091
NC_014300	59	44576
NC_014802	31	1664840
NC_011852	40	2269156
NC_017568	38	2572216
NC_010673	30	922307
NC_007791	30	4439
NC_007759	51	3179300
NC_011408	46	5366
NC_013130	28	53786
NC_014483	46	5394884
NC_015659	62	68763
NC_012225	27	3000694
NC_007514	44	2572079
NC_010531	46	1560469
NC_007901	54	257447
NC_008529	50	1856951
NC_012984	45	3197759
NC_016048	53	4410036
NC_009434	64	4567418
NC_011146	60	4615150
NC_009229	60	226679
NC_007974	64	2580084
NC_013207	55	87298
NC_014029	48	4553586
NC_006905	52	4755700
NC_012718	63	141792
NC_006624	52	2088737
NC_009793	55	9294
NC_017122	53	182940
NC_015436	51	2227296
NC_013654	51	4717338
NC_014916	45	45057
NC_005213	32	490885
NC_016885	55	2436033
NC_015976	66	4199332
NC_009704	40	58679
NC_007350	33	2516575
NC_017675	50	86908
NC_007722	63	3052398
NC_013203	46	1543805
NC_011990	59	184668
NC_012622	35	2702058
NC_006448	39	1796846
NC_010550	41	1765
NC_013799	44	1743135
NC_008277	28	905394
NC_007790	29	3125
NC_017814	30	11189
NC_014911	64	78982
NC_014258	54	529676
NC_010079	33	2872915
NC_017206	33	83590
NC_007677	66	3551823
NC_013642	46	1809823
NC_017368	39	1575399
NC_017418	29	902191
NC_017717	28	905534
NC_014039	60	2495334
NC_017273	67	440026
NC_006932	57	2124241
NC_014147	42	1863286
NC_015665	44	80849
NC_016070	55	1841542
NC_007427	57	130989
NC_002774	29	25107
NC_017339	28	20730
NC_010622	63	3479187
NC_011886	66	4395537
NC_014002	43	2012424
NC_004556	52	2519802
NC_017292	39	1172182
NC_017550	60	2488626
NC_016637	54	11991
NC_010658	51	4615997
NC_009479	66	69989
NC_012808	69	5511322
NC_006513	65	4296230
NC_017553	52	280753
NC_013213	54	3204
NC_008242	62	343931
NC_008789	68	2678452
NC_016854	52	4879400
NC_017244	57	2126133
NC_017731	41	4402109
NC_015953	72	7414440
NC_017429	41	1042810
NC_004347	46	4969803
NC_017534	60	2494578
NC_009958	61	86208
NC_008782	66	4448856
NC_017332	29	3011
NC_015518	34	2137654
NC_017026	66	4380119
NC_006672	58	163186
NC_014228	44	4432590
NC_016646	53	441112
NC_012790	40	10287
NC_003904	72	31317
NC_011368	60	1266105
NC_017549	66	6764661
NC_011999	37	2102324
NC_008062	67	1196094
NC_009092	54	4602594
NC_014844	63	3629109
NC_012856	64	3647724
NC_011144	71	3996255
NC_010407	73	3258645
NC_009340	64	25309
NC_016642	52	5475670
NC_017663	51	4935294
NC_009425	51	157749
NC_002937	63	3570858
NC_016863	52	4817868
NC_013212	54	49961
NC_007717	26	3972
NC_017231	28	25262
NC_009653	46	3478
NC_007332	28	920079
NC_008601	32	1910031
NC_013947	68	6841557
NC_016021	57	76071
NC_006677	61	2702173
NC_008820	50	2682675
NC_010334	45	5226917
NC_015724	63	424140
NC_017209	31	14860
NC_017545	38	3000464
NC_010278	41	2242062
NC_004547	51	5064019
NC_017280	31	1616648
NC_014502	39	291993
NC_010063	31	27041
NC_015952	70	191151
NC_013174	58	2749646
NC_014914	37	1695860
NC_015905	29	30092
NC_017193	47	1989
NC_009074	68	3912947
NC_015151	42	2298983
NC_002971	43	1995281
NC_014917	52	76561
NC_007106	32	8191
NC_016818	52	4861101
NC_008498	39	13413
NC_002946	53	2153922
NC_014503	39	47550
NC_001773	43	3444
NC_011723	40	40786
NC_017801	23	2348
NC_010634	48	4695619
NC_010659	46	5114
NC_011244	28	930981
NC_008148	70	3225748
NC_015318	37	1694430
NC_010996	58	429111
NC_010364	68	2000962
NC_017436	41	1042520
NC_015677	70	4070193
NC_017100	53	2907287
NC_017622	41	2038409
NC_005140	47	1857073
NC_010571	65	5957605
NC_013523	68	2741033
NC_017297	28	3993083
NC_016052	36	2562720
NC_004307	60	2256640
NC_013721	42	1617545
NC_000961	42	1738505
NC_011743	49	55150
NC_017326	62	1632395
NC_011369	62	4537948
NC_014251	40	2088772
NC_007765	62	505334
NC_007426	63	2595221
NC_014484	62	2472645
NC_009486	46	1823511
NC_013520	39	2132142
NC_012725	63	134346
NC_015376	69	3700833
NC_017400	27	15915
NC_017069	46	72893
NC_014041	36	5128187
NC_012579	33	181773
NC_015321	36	4633577
NC_010410	39	3936291
NC_017774	26	5918
NC_005966	40	3598621
NC_009256	66	3652814
NC_011880	49	196837
NC_016773	34	5436
NC_011260	29	52772
NC_004842	50	1197687
NC_015516	31	1891014
NC_016604	65	6415739
NC_011887	66	458070
NC_014554	45	3254376
NC_017038	48	3570004
NC_014760	29	1003404
NC_017156	45	9611
NC_014719	36	15970
NC_017482	47	3005051
NC_011561	35	37111
NC_017217	60	1944050
NC_011365	66	3887492
NC_017576	38	2362241
NC_012972	47	9816
NC_011411	49	4082
NC_017672	58	8770140
NC_000911	48	3573470
NC_014154	62	45943
NC_009080	68	3495687
NC_004555	25	2399
NC_015513	47	92189
NC_003080	54	14323
NC_015164	47	4242803
NC_009776	57	1297538
NC_011374	26	874478
NC_016079	56	4050
NC_010998	62	414090
NC_017310	63	3532052
NC_017220	64	4233
NC_017163	33	74451
NC_011971	35	52766
NC_011334	35	10031
NC_008511	40	299762
NC_003383	36	81905
NC_005296	65	5459213
NC_014165	72	4189976
NC_012803	73	2501097
NC_017191	46	3939203
NC_017455	30	2309262
NC_017593	40	2093317
NC_012488	38	2912690
NC_014333	38	14219
NC_010182	43	64977
NC_010518	62	36410
NC_012529	64	314317
NC_006362	67	184026
NC_010631	41	354564
NC_016022	59	4776
NC_009475	61	228826
NC_017218	59	2327492
NC_015590	63	3820344
NC_017147	54	49961
NC_006856	51	138742
NC_010557	66	1127947
NC_013735	44	8651
NC_007907	47	5727534
NC_013222	55	3530383
NC_013968	55	85092
NC_013851	64	3526903
NC_010630	41	123028
NC_016802	54	2468612
NC_014923	63	6264489
NC_007613	51	4519823
NC_008036	60	28543
NC_017831	68	4092668
NC_011833	26	642122
NC_015698	41	14173
NC_015710	38	132038
NC_013592	54	4818394
NC_015222	45	3180526
NC_013532	50	1206806
NC_008539	65	96488
NC_017433	36	7493
NC_014334	47	2861848
NC_017385	63	242715
NC_017460	51	6129
NC_016942	29	24853
NC_017454	61	3714272
NC_008688	67	653815
NC_012026	50	1202435
NC_011416	49	60555
NC_005139	46	3354505
NC_015565	47	2892255
NC_015460	40	2687335
NC_008314	67	2912490
NC_017544	38	2903106
NC_005838	69	232605
NC_008611	65	5631606
NC_016901	46	5288069
NC_012040	27	46201
NC_014499	21	276511
NC_007971	60	233720
NC_014723	57	172525
NC_017142	54	3204
NC_006393	54	132678
NC_005090	48	2110355
NC_012848	60	828924
NC_005241	62	452156
NC_015672	38	2526590
NC_010572	72	8545929
NC_002127	43	3306
NC_006394	58	155300
NC_011983	60	2650913
NC_017314	37	5143
NC_010543	37	10244
NC_016751	29	2231407
NC_010507	65	21022
NC_013216	42	4545624
NC_017446	55	5296
NC_017169	50	96210
NC_008750	45	4708380
NC_017789	25	3137
NC_016514	55	4734438
NC_016797	57	2108637
NC_006570	32	1892775
NC_002944	69	4829781
NC_002505	48	2961149
NC_012971	51	4558953
NC_017200	36	5355490
NC_015383	62	403586
NC_014541	60	4279159
NC_013504	34	1755993
NC_015656	70	5323186
NC_015053	62	4895
NC_016945	47	1072136
NC_015470	39	1171660
NC_014332	33	94469
NC_015632	27	14930
NC_006347	43	5277274
NC_017308	52	2279118
NC_014650	44	3840330
NC_007298	59	4501104
NC_012858	61	660973
NC_012806	28	846214
NC_015278	42	2080974
NC_017632	51	4993013
NC_010578	54	66727
NC_009667	56	2887297
NC_010287	41	1038842
NC_012987	65	141504
NC_010321	35	2362816
NC_010723	27	3659644
NC_002932	57	2154946
NC_012577	33	94875
NC_016078	61	3944837
NC_017248	57	2117717
NC_017442	50	30866
NC_007615	50	18871
NC_017145	54	3204
NC_013410	48	3842635
NC_016798	41	1044325
NC_014032	66	3619447
NC_017415	25	26642
NC_007349	34	36358
NC_017621	41	2183059
NC_008149	48	4534590
NC_012796	63	5248049
NC_017098	58	3285855
NC_015177	37	4635236
NC_006085	60	2560265
NC_016109	74	8783278
NC_017338	33	2811435
NC_017541	50	202852
NC_014718	60	822304
NC_008712	65	328237
NC_016115	67	130055
NC_017288	33	7553
NC_004572	46	927303
NC_014656	60	2265943
NC_014935	54	2101285
NC_014908	58	119718
NC_015313	62	15063
NC_016824	47	2089
NC_016857	52	4878013
NC_013893	34	2658366
NC_010402	34	9661
NC_011250	30	40353
NC_002620	40	1072950
NC_013722	63	3768695
NC_009784	45	2204018
NC_007488	70	114178
NC_014157	63	84340
NC_014409	45	4440
NC_010380	40	2245615
NC_015732	46	3239340
NC_015390	32	50105
NC_009078	69	3100794
NC_008121	45	10777
NC_009663	44	2562277
NC_010625	62	1904893
NC_007517	60	3997420
NC_014205	37	1580347
NC_007505	60	19146
NC_015258	62	69598
NC_017723	49	5800
NC_002935	53	2488635
NC_015660	44	3893306
NC_009230	58	397868
NC_015662	23	444925
NC_009726	40	54179
NC_016894	39	4044777
NC_013205	62	3018755
NC_004924	55	5616
NC_017791	64	424524
NC_011894	69	7772460
NC_017736	33	14124
NC_011079	43	3605
NC_010617	71	2697540
NC_014374	57	1496453
NC_012468	40	2184682
NC_014217	68	4765023
NC_014389	39	361399
NC_007351	31	38454
NC_011782	23	17266
NC_017234	23	22449
NC_007617	50	14159
NC_011081	50	91374
NC_009718	35	1948941
NC_013967	67	2847757
NC_017279	31	1635045
NC_014136	38	2002721
NC_012416	35	1445873
NC_015915	25	27137
NC_011148	41	37978
NC_012973	39	1576758
NC_011206	59	2885038
NC_017044	32	1300386
NC_017406	24	24614
NC_011149	52	4798660
NC_015388	53	3282536
NC_009440	46	2191517
NC_015498	42	341282
NC_017185	41	2750
NC_016834	40	8953
NC_008012	29	27048
NC_014925	38	2617381
NC_012029	67	2735295
NC_005006	36	8007
NC_016804	66	4350386
NC_014641	62	98156
NC_011566	43	5396476
NC_007512	57	2364842
NC_009487	33	2906700
NC_005816	45	9609
NC_017330	45	3180
NC_017656	50	5263980
NC_002570	44	4202352
NC_007908	60	4712337
NC_010183	35	52830
NC_014019	38	5097129
NC_003552	43	5751492
NC_008578	67	2443540
NC_002945	66	4345492
NC_012857	64	1323321
NC_010628	41	8234322
NC_008608	56	30722
NC_010486	50	4074
NC_013421	50	5063892
NC_014621	61	268675
NC_017569	35	2166384
NC_007430	36	7510
NC_011962	70	157345
NC_007503	42	2401520
NC_011771	34	10915
NC_010844	37	74116
NC_013966	62	635786
NC_007429	41	1044459
NC_017059	65	3876289
NC_008764	52	6459
NC_007795	33	2821361
NC_010729	48	2354886
NC_010676	62	3625999
NC_003902	65	5076188
NC_017154	48	4640720
NC_017587	69	1902595
NC_012552	36	3471
NC_009228	61	107231
NC_010505	72	6077833
NC_016632	29	1762765
NC_016938	31	1846178
NC_008553	54	1879471
NC_017727	33	94824
NC_013860	66	261596
NC_009837	50	174241
NC_009957	61	126304
NC_011992	67	3796573
NC_017427	29	29707
NC_011657	35	3091
NC_017505	52	2242947
NC_010525	60	1769823
NC_013061	42	5167383
NC_017272	69	1863201
NC_015188	60	40588
NC_016043	38	1638559
NC_008759	57	171866
NC_010727	65	25164
NC_014964	35	2344824
NC_015951	68	290055
NC_014166	28	3192235
NC_010804	67	3448421
NC_013454	27	636850
NC_015474	43	1861320
NC_017847	39	3964912
NC_014831	72	2844696
NC_003361	39	1173390
NC_006370	42	4085304
NC_010159	48	4504254
NC_009790	50	74224
NC_012809	65	37858
NC_013770	36	26615
NC_017441	41	1042839
NC_014365	66	3655731
NC_016041	42	4134229
NC_008435	64	5505494
NC_017287	39	1171667
NC_011881	61	158475
NC_013206	54	91726
NC_011060	48	3018238
NC_009437	35	2970275
NC_008536	62	9965640
NC_014810	45	1672681
NC_016025	61	1012010
NC_010554	39	4063606
NC_009785	41	2196662
NC_000956	27	52971
NC_013365	47	204604
NC_002928	68	4773551
NC_004633	55	73661
NC_013892	45	4225498
NC_014638	63	2214656
NC_017095	39	2166381
NC_008766	65	63609
NC_014391	73	7025559
NC_016900	58	4255
NC_005951	28	20652
NC_011973	33	239246
NC_012686	41	1044352
NC_011830	48	5279134
NC_014657	35	2428903
NC_010158	50	114570
NC_016835	52	463906
NC_013656	35	2598144
NC_017263	45	68552
NC_017162	39	3940614
NC_015969	53	32574
NC_009477	30	30429
NC_015858	57	1260926
NC_002252	31	7258
NC_009925	47	6503724
NC_017172	47	20301
NC_011281	51	91096
NC_017303	52	2337730
NC_008497	46	2291220
NC_007322	33	181677
NC_003910	38	5373180
NC_009136	27	8285
NC_015319	32	33688
NC_010468	51	4746218
NC_012962	42	5064808
NC_011082	55	3373
NC_010001	35	4847594
NC_009792	54	4720462
NC_014811	66	211864
NC_011758	66	380207
NC_004310	57	2107794
NC_015571	48	2339898
NC_015125	70	3982034
NC_014119	63	1282816
NC_015312	73	7096571
NC_015387	68	2269167
NC_008710	29	917330
NC_009348	59	4702402
NC_011252	26	22945
NC_010814	55	3917761
NC_001852	32	29766
NC_017205	32	72074
NC_015315	60	1936063
NC_016811	38	3359001
NC_002977	64	3304561
NC_017063	39	1664587
NC_013854	68	3311395
NC_017124	59	1815
NC_014836	56	2928377
NC_017596	39	1827308
NC_017065	33	1275720
NC_017405	25	28797
NC_000922	41	1230230
NC_000916	50	1751377
NC_013016	52	2145295
NC_017543	38	366576
NC_008013	29	39794
NC_015757	57	3551206
NC_017624	41	37581
NC_015591	60	1312480
NC_011741	51	4700560
NC_012655	33	94830
NC_014659	69	5043170
NC_013717	47	54449
NC_017834	60	1932693
NC_010395	35	6106
NC_008698	58	1781889
NC_011004	65	5744041
NC_014535	32	13777
NC_010184	36	5262775
NC_008340	68	3275944
NC_017255	26	641799
NC_006396	62	3131724
NC_015582	60	48714
NC_008347	63	3368780
NC_015664	68	12355
NC_017298	26	17531
NC_013737	48	7308
NC_008760	59	143747
NC_006969	65	4367
NC_017144	56	3035
NC_012656	33	181677
NC_002953	33	2799802
NC_010180	34	417054
NC_005791	33	1661137
NC_016589	64	3131280
NC_015424	59	4551783
NC_008043	59	821788
NC_015435	42	1840348
NC_012466	40	2120234
NC_015169	66	314518
NC_017445	54	3909168
NC_015595	65	123733
NC_014027	45	9609
NC_008060	67	3294563
NC_017184	42	18461
NC_010172	68	5471154
NC_012660	61	6722539
NC_013157	33	22190
NC_013595	71	10341314
NC_017128	56	3035
NC_012654	26	270022
NC_012925	41	2007491
NC_011900	39	2221315
NC_017301	52	2328208
NC_003276	41	408101
NC_005125	62	4659019
NC_008791	44	67721
NC_009347	47	2101
NC_013731	49	189452
NC_016622	68	2988332
NC_014497	14	208564
NC_009715	45	1971264
NC_011961	66	917738
NC_012669	73	4669183
NC_009665	46	5229686
NC_014626	63	243645
NC_017187	27	2256675
NC_017160	48	4626944
NC_014839	51	394054
NC_015554	44	4972148
NC_014370	41	1796408
NC_017484	32	31442
NC_017306	52	2337606
NC_017499	32	242962
NC_011367	59	27455
NT_167350	27	8579
NC_011986	57	78730
NC_014838	55	793953
NC_015715	41	37387
NC_009378	52	137010
NC_011257	26	23303
NC_008598	36	55939
NC_013215	59	1815
NC_002973	38	2905187
NC_000954	29	30651
NC_017730	52	2297010
NC_016816	53	4605545
NC_013855	68	1455109
NC_009469	62	88953
NC_017462	52	2337628
NC_006509	44	47890
NC_008344	48	2661057
NC_010656	47	2089
NC_006970	64	2773
NC_016948	68	5501090
NC_010102	52	4858887
NC_013368	50	6673
NC_017362	39	1624644
NC_008741	66	198504
NC_016911	32	1269774
NC_011994	54	44420
NC_017793	55	53428
NC_013922	61	3751858
NC_017765	72	10145833
NC_008537	65	159538
NC_007796	45	3544738
NC_014471	36	1875953
NC_017473	46	3039042
NC_007624	57	1156948
NC_008262	28	2897393
NC_010483	46	1877693
NC_007973	64	3928089
NC_011654	31	12481
NC_017571	46	5066051
NC_010997	61	1091523
NC_010067	51	4600800
NC_010842	39	3603977
NC_012687	41	1044282
NC_011831	56	4684931
NC_010802	61	167422
NC_016914	32	1269837
NC_003366	29	3031430
NC_014363	65	2051896
NC_006350	68	4074542
NC_008770	26	37473
NC_002696	67	4016947
NC_017531	54	4555536
NC_015382	63	276215
NC_017413	23	27590
NC_017519	26	829709
NC_017486	35	2399458
NC_006824	63	223670
NC_014963	57	5095226
NC_011991	56	130435
NC_017414	32	29194
NC_014254	34	163915
NC_009672	55	57138
NC_015386	39	165572
NC_009443	41	2095698
NC_013118	57	1220319
NC_007614	54	3184243
NC_016820	35	35425
NC_006855	52	49558
NC_016610	47	3405521
NC_007410	41	366354
NC_015420	38	52697
NC_012982	45	3455622
NC_013453	29	17256
NC_013959	58	3003656
NC_010609	39	2039414
NC_015421	38	10798
NC_013037	52	6967790
NC_015514	75	4266344
NC_017110	54	49961
NC_007645	54	7215267
NC_017387	39	4138388
NC_017393	29	29902
NC_014824	38	420706
NC_014922	38	2007018
NC_011735	29	29806
NC_014752	52	2220606
NC_009999	44	75508
NC_009699	28	3995387
NC_012563	28	4155278
NC_012853	59	516088
NC_017017	35	18800
NC_015555	35	2534358
NC_017275	35	2655201
NC_016746	55	8462
NC_014721	36	2786473
NC_017722	51	66681
NC_015850	61	2932225
NC_016905	45	80698
NC_016860	52	4954814
NC_014655	40	4059653
NC_017041	34	26610
NC_015916	24	24945
NC_009439	65	5072807
NC_008817	31	1704176
NC_004605	45	1877212
NC_016902	51	4920168
NC_013456	45	3259580
NC_014315	50	3328570
NC_016790	53	2395441
NC_015854	59	29704
NC_004320	56	48672
NC_014815	73	6962533
NC_004368	36	2211485
NC_014642	61	247895
NC_017777	29	4807
NC_009900	33	1360898
NC_017325	63	3908022
NC_016928	33	2788636
NC_017076	46	94348
NC_009441	34	6096872
NC_015314	71	192355
NC_014330	28	2586443
NC_017768	37	2015626
NC_014961	53	1314639
NC_011721	39	50894
NC_017354	39	1568826
NC_010373	65	57951
NC_001263	67	2648638
NC_011261	29	26917
NC_017504	40	811088
NC_017647	49	54289
NC_014736	56	210350
NC_017365	39	1570564
NC_017533	52	321744
NC_013972	50	28243
NC_008525	37	1832387
NC_009004	36	2529478
NC_017512	52	2227255
NC_017210	32	6880
NC_009496	27	16344
NC_012724	68	3906507
NC_009655	45	2319663
NC_009648	57	5315120
NC_013748	60	71062
NC_007651	67	3809201
NC_017477	35	1966342
NC_016838	49	122799
NC_010831	49	2736403
NC_013508	60	3760463
NC_014299	54	363534
NC_014560	39	1658051
NC_013730	50	8078757
NC_013714	59	2636367
NC_017617	41	2038034
NC_017093	71	8773466
NC_010999	46	3079196
NC_012560	66	5365318
NC_007618	57	2121359
NC_014028	60	56529
NC_006842	38	45849
NC_017657	49	66078
NC_017725	26	27111
NC_013418	28	636994
NC_017671	67	4769156
NC_008321	48	4706287
NC_013209	53	2907495
NC_014035	66	132962
NC_013285	50	53842
NC_008767	52	2194961
NC_008268	68	7804765
NC_016446	47	1046365
NC_009471	61	37155
NC_009495	28	3886916
NC_017094	50	2559538
NC_007968	38	41221
NC_016639	33	1275089
NC_013062	43	2768102
NC_009622	60	219313
NC_011247	27	163884
NC_015674	46	1755458
NC_013193	62	167595
NC_014387	40	3554804
NC_017161	44	1742932
NC_008011	33	1457619
NC_014727	50	2125753
NC_015182	61	1729
NC_017572	44	60958
NC_012924	41	2095898
NC_014329	52	2337913
NC_017042	32	1290368
NC_017860	45	579647
NC_014551	46	3980199
NC_004552	40	1144377
NC_015291	41	1958690
NC_009698	28	3760560
NC_015215	38	2356444
NC_009662	40	1877931
NC_016613	45	3478307
NC_008054	50	1864998
NC_016809	38	1981535
NC_010469	37	12183
NC_017268	53	1139281
NC_008740	57	4326849
NC_003197	52	4857432
NC_012438	33	1640877
NC_007484	50	3481691
NC_011353	51	5572075
NC_004088	48	4600755
NC_010632	41	254918
NC_009344	40	8953
NC_014117	64	3518940
NC_013159	67	4308349
NC_007107	31	9150
NC_008686	67	2852282
NC_007794	65	3561584
NC_016592	59	115232
NC_017660	51	5021812
NC_007951	63	4895836
NC_016833	45	215774
NC_014933	45	3998906
NC_010845	39	277995
NC_011352	40	36487
NC_004041	58	371254
NC_010010	35	26587
NC_006526	46	2056363
NC_009478	68	27357
NC_015908	29	30547
NC_015186	68	3749411
NC_014323	63	5513887
NC_014393	31	5262222
NC_011783	23	24326
NC_017421	26	37903
NC_011661	34	1855560
NC_010170	65	5287950
NC_007761	61	4381608
NC_011314	37	30807
NC_009073	57	2009313
NC_015967	68	3137
NS_000193	35	5701
NC_002936	49	1469720
NC_012441	57	2125701
NC_017496	35	53630
NC_014735	56	362194
NC_016603	39	3862530
NC_013766	38	3032288
NC_005043	41	1225935
NC_005823	35	4277185
NC_005956	38	1931047
NC_015723	67	2684606
NC_014965	47	3194232
NC_007712	55	4171146
NC_017578	42	71173
NC_016602	51	3294546
NC_011959	64	2003006
NC_008358	62	3705021
NC_012473	32	179680
NC_007718	24	4009
NC_006462	69	256992
NC_002737	39	1852441
NC_017497	38	3978
NC_013771	31	1443806
NC_017652	51	5038386
NC_016830	61	6845832
NC_015166	40	6277
NC_009831	46	5517674
NC_010725	69	5800441
NC_011003	63	92661
NC_017468	37	26484
NC_017817	23	36478
NC_017081	70	81157
NC_000950	29	30299
NC_017072	45	2614
NC_017146	53	2907309
NC_011785	24	28885
NC_013192	30	2465610
NC_009619	30	30429
NC_015434	71	6673976
NC_017423	28	27767
NC_006390	56	33452
NC_006377	41	36069
NC_015597	59	256269
NC_015733	62	5984790
NC_007294	28	799476
NC_014755	40	71513
NC_008738	54	239623
NC_005128	45	48508
NC_012691	49	3471292
NC_016836	58	61880
NC_014004	22	243933
NC_009467	62	203589
NC_017068	51	3003680
NC_017591	40	2142122
NC_013923	60	378348
NC_007103	33	466370
NC_014618	57	4814049
NC_017654	49	12068
NC_014494	40	2130580
NC_011996	31	80545
NC_010477	46	16103
NC_011770	66	6601757
NC_017254	26	641771
NC_007929	33	1827111
NC_009705	40	153140
NC_009079	69	2352693
NC_017492	36	2452616
NC_011984	59	211620
NC_008496	35	37367
NC_015930	39	1950135
NC_011753	44	3299303
NC_017495	37	17661
NC_017165	34	8731
NC_003103	32	1268755
NC_009426	62	184462
NC_013171	36	1883067
NC_009879	31	1159772
NC_012589	35	2736272
NC_014472	37	3868304
NC_010087	66	919806
NC_017190	46	3995227
NC_011960	70	103355
NC_017239	24	26626
NC_009565	66	4424435
NC_017235	31	27239
NC_016829	26	837480
NC_014221	68	3260398
NC_010401	35	5644
NC_012004	37	1852352
NC_008255	39	4433218
NC_004567	44	3308273
NC_009480	73	3297891
NC_017331	33	3043210
NC_004252	62	10073
NC_017451	38	1932306
NC_015145	66	4250414
NC_010124	57	38818
NC_016794	36	55304
NC_000909	31	1664970
NC_014297	65	2809118
NC_016913	32	1255681
NC_011778	27	36852
NC_008532	39	1856368
NC_010160	35	23343
NC_017628	51	5108383
NC_012846	38	2341328
NC_015704	41	93527
NC_011093	47	4585
NC_015857	57	2138342
NC_007356	47	1395502
NC_010398	34	24922
NC_007940	32	1522076
NC_009613	33	2861988
NC_017467	37	2145899
NC_015408	41	1106197
NC_010115	39	37317
NC_017092	34	8406
NC_013164	29	115566
NC_007705	64	4940217
NC_013386	61	27830
NC_011603	48	97978
NC_010331	28	3936
NC_013362	53	63365
NC_015060	56	115221
NC_011253	30	33213
NC_008576	54	4719581
NC_014011	45	1980592
NC_017370	37	2637
NC_003078	62	1683333
NC_010941	48	4236
NC_009337	53	1966858
NC_000951	29	29838
NC_010674	28	3800327
NC_014549	59	50407
NC_013407	31	1746329
NC_017641	51	5186416
NC_012108	49	5589073
NC_011034	51	4153
NC_017770	37	5202069
NC_010509	62	47003
NC_014976	44	4093599
NC_009076	68	3988455
NC_008086	39	1596366
NC_009897	32	15286
NC_013264	49	3070
NC_001869	58	191346
NC_008118	50	100918
NC_017726	33	181700
NC_015978	35	1298316
NC_007508	65	5178466
NC_011035	52	2232025
NC_012968	46	2547570
NC_006297	34	33716
NC_016623	68	648491
NC_013971	54	3805874
NC_013199	47	2968598
NC_009707	31	1845106
NC_017048	29	1111969
NC_008379	61	352782
NC_014651	44	71617
NC_013734	48	9965
NC_003384	48	218160
NC_007798	41	859006
NC_015959	61	23659
NC_014225	44	2116312
NC_009050	69	1219053
NC_013457	45	1829445
NC_002950	48	2343476
NC_011958	69	1297647
NC_013419	28	3448
NC_011901	65	3464554
NC_010680	25	47642
NC_011565	33	1114206
NC_012578	48	2892523
NC_015163	59	97188
NC_013960	52	4079427
NC_008703	65	302089
NC_016931	33	1263719
NC_011668	45	65448
NC_010606	33	64366
NC_017503	31	977612
NC_007792	29	37136
NC_007492	61	6438405
NC_009955	60	190506
NC_017179	29	4118573
NC_006840	39	2897536
NC_015162	61	195800
NC_017848	34	77528
NC_007336	61	634917
NC_008569	31	24794
NC_017771	63	231600
NC_009341	65	16660
NC_009801	51	4979619
NC_015583	62	1161602
NC_000955	21	18777
NC_011895	62	37542
NC_003241	44	5584
NC_010612	66	6636827
NC_017653	48	94015
NC_011386	62	3745629
NC_005916	63	174155
NC_016147	68	3452554
NC_010677	32	1893886
NC_011988	58	1283187
NC_017502	31	1012027
NC_017281	30	1681364
NC_014122	34	1328194
NC_009649	52	175879
NC_017223	68	4124236
NC_015588	74	3307740
NC_005003	31	6585
NC_017547	38	2874431
NC_015185	35	1541968
NC_014132	36	23275
NC_009660	72	12917
NC_013190	61	42325
NC_010940	42	3533
NC_015136	64	4063449
NC_017721	48	5175
NC_007494	69	943016
NC_016026	55	2481983
NC_015497	44	5052309
NC_009525	66	4419977
NC_015964	40	2086875
NC_010000	43	49148
NC_017381	39	1562832
NC_017243	27	3304788
NC_014259	39	4152543
NC_014256	39	1673997
NC_008530	35	1894360
NC_012520	66	558192
NC_003454	27	2174500
NC_013939	31	2234389
NC_015729	55	63532
NC_011751	51	5202090
NC_015714	53	1133390
NC_017527	61	2559043
NC_016858	53	93842
NC_010994	62	4513324
NC_015519	38	2759867
NC_003901	41	4096345
NC_013283	56	138339
NC_015409	70	58295
NC_015172	46	3406739
NC_009007	69	114045
NC_009717	65	316164
NC_013441	67	5208602
NC_017673	33	2715000
NC_007949	57	360405
NC_017619	41	2096866
NC_015707	40	2039943
NC_008095	69	9139763
NC_017562	52	2491203
NC_015594	64	1368670
NC_016010	65	4967469
NC_014828	56	3008576
NC_014534	39	473846
NC_016630	35	1931012
NC_014328	31	4630065
NC_013204	64	3632260
NC_013665	55	2957635
NC_009720	67	5308934
NC_011251	29	41259
NC_011664	44	88311
NC_014152	46	3157416
NC_012983	44	84492
NC_015138	69	5482170
NC_017475	43	38392
NC_013767	37	77054
NC_016944	48	3007450
NC_010633	41	65940
NC_011094	52	4709075
NC_007170	31	2366
NC_007715	48	10810
NC_016609	45	9033684
NC_004669	34	66320
NC_016861	53	106510
NC_002607	68	2014239
NC_017630	51	114550
NC_006933	57	1162204
NC_014022	50	94251
NC_012782	41	60455
NC_016791	37	4613747
NC_017397	29	30697
NC_010627	59	595108
NC_006349	69	2325379
NC_015520	43	3135972
NC_017141	33	7006
NC_010085	34	1645259
NC_016888	56	84933
NC_017133	59	1815
NC_015461	36	6804
NC_006873	32	36560
NC_017459	48	3148033
NC_017485	32	5543
NC_014314	55	1686510
NC_007506	61	38116
NC_017537	38	2976163
NC_016826	38	1988420
NC_001850	23	24177
NC_017812	19	9717
NC_017728	38	2901562
NC_008761	60	58808
NC_016748	27	13386
NC_012521	64	244997
NC_011313	38	1206461
NC_017270	48	2791729
NC_008044	60	3200938
NC_013961	54	3805573
NC_013849	44	2196266
NC_017788	24	3194
NC_012732	35	26406
NC_004342	35	4338762
NC_017019	41	33246
NC_011899	38	2578146
NC_011884	51	5374574
NC_007111	33	39263
NC_015727	61	1499175
NC_016146	27	587248
NC_014507	47	2843290
NC_017802	23	2317
NC_000854	56	1669696
NC_016638	35	919992
NC_013954	45	2590
NC_016148	47	1967774
NC_017174	29	4047729
NC_009140	53	176473
NC_017536	61	133055
NC_003921	62	33700
NC_016799	54	2535346
NC_017633	51	5153435
NC_017343	33	2729540
NC_010544	27	879959
NC_013747	65	171943
NC_008697	68	307814
NC_004557	29	2799251
NC_013926	39	1486778
NC_004720	34	7966
NC_009786	47	79237
NC_009928	45	273121
NC_009850	27	2341251
NC_007641	60	53732
NC_016935	58	8739048
NC_007678	58	35505
NC_000853	46	1860725
NC_009438	44	4659220
NC_017250	57	1207380
NC_016864	53	93277
NC_013889	66	2744800
NC_017267	64	4831739
NC_009714	32	1711273
NC_015579	61	192103
NC_008504	30	9554
NC_015909	30	29936
NC_015578	51	4059867
NC_008818	54	1667163
NC_017050	29	1111454
NC_003903	69	356023
NC_002771	27	963879
NC_016908	32	1270083
NC_017795	31	2005
NC_017337	33	2832478
NC_011205	52	4842908
NC_017058	32	1296670
NC_015459	56	41205
NC_017134	53	191443
NC_017577	41	120153
NC_015189	58	5178
NC_007486	63	104014
NC_017382	39	1589954
NC_017108	53	2904624
NC_017328	51	4650856
NC_015696	33	2035931
NC_011666	63	4305430
NC_013729	71	7579488
NC_017618	41	2137435
NC_013511	27	665445
NC_013552	47	1413462
NC_017029	32	18263
NC_017291	39	1169374
NC_016625	64	1773019
NC_013655	51	122345
NC_011419	50	100021
NC_010003	34	2169548
NC_010582	39	2209198
NC_004851	46	221618
NC_014625	62	2776084
NC_015598	34	194769
NC_009329	40	57693
NC_010580	56	181736
NC_009675	74	5277990
NC_009052	46	5127376
NC_010830	35	1884364
NC_015574	36	2546541
NC_015603	36	46296
NC_003296	67	2094509
NC_009009	43	2388435
NC_016828	35	19293
NC_009664	74	4761183
NC_017201	33	187880
NC_009659	54	4110251
NC_016805	38	1896561
NC_010581	57	4170153
NC_014133	39	21924
NC_017803	71	9239851
NC_013946	63	3097457
NC_014774	35	1258278
NC_016943	73	4875340
NC_016029	51	4615
NC_016841	48	1308
NC_006529	39	20417
NC_009656	66	6588339
NC_015875	40	2190731
NC_010379	25	148780
NC_015181	60	12125
NC_012881	47	4289847
NC_005126	43	5688987
NC_017637	50	102536
NC_017564	47	4553420
NC_017640	50	81475
NC_012720	63	141067
NC_011784	28	53615
NC_013358	36	4551
NC_017733	39	1599280
NC_015221	45	63790
NC_017138	38	4983975
NC_006360	29	892758
NC_004129	63	7074893
NC_009040	70	122606
NC_012723	61	133591
NC_017315	35	55393
NC_013924	57	254950
NC_015636	29	1662525
NC_017443	68	6417
NC_008538	63	115507
NC_011769	67	4040304
NC_015740	64	4547930
NC_010366	57	147625
NC_016789	54	2530683
NC_012795	37	8867
NC_017645	53	160573
NC_016645	57	2467972
NC_017465	51	2100449
NC_005229	43	119895
NC_007720	24	4316
NC_015428	44	2506301
NC_013949	42	1578097
NC_003485	39	1895017
NC_002940	38	1698955
NC_017305	52	2335323
NC_011963	69	3152792
NC_017732	33	30505
NC_006300	43	2314078
NC_007355	39	4837408
NC_007984	33	686194
NC_012804	54	2045438
NC_012673	48	2999895
NC_017113	53	182940
NC_012003	31	2968
NC_008705	68	5737227
NC_016819	51	115487
NC_009012	39	3843301
NC_017636	46	5360
NC_011248	32	35286
NC_004554	54	1346
NC_016113	73	1809491
NC_002758	33	2878529
NC_011724	26	26514
NC_007777	70	5433628
NC_011722	29	30467
NC_017049	29	1109804
NC_009466	33	59182
NC_013356	42	53380
NC_008322	48	4792610
NC_013657	32	37510
NC_012581	35	5230115
NC_011562	36	31893
NC_017300	52	2335113
NC_016887	68	6194645
NC_017419	32	29521
NC_017182	38	4023
NC_009436	53	4518712
NC_011733	38	18083
NC_011761	59	2982397
NC_007519	58	3730232
NC_017251	57	2107783
NC_011734	40	15219
NC_015844	43	5521712
NC_016747	54	4245
NC_006834	64	4941439
NC_015661	40	19638
NC_004193	36	3630528
NC_017566	44	4840251
NC_013361	51	5697240
NC_015700	40	12160
NC_015686	31	191996
NC_017563	39	1831949
NC_017626	51	5241977
NC_007961	62	121408
NC_017181	43	31692
NC_011255	27	35315
NC_007168	33	2685015
NC_012752	45	59032
NC_017114	54	49961
NC_013720	57	6196199
NC_014840	52	321080
NC_010337	57	3075407
NC_013745	60	413648
NC_015680	52	1716818
NC_017428	29	30314
NC_008392	66	1281472
NC_017353	34	2595888
NC_008342	50	55635
NC_007952	63	3363523
NC_015970	59	105449
NC_012917	52	4862913
NC_007963	64	3696649
NC_008271	65	332361
NC_009921	71	8982042
NC_010660	46	210919
NC_008687	67	1730097
NC_008022	38	1928252
NC_012695	68	4098576
NC_009791	50	5033
NC_015695	44	38784
NC_017772	71	24346
NC_017025	31	2993089
NC_006569	63	491611
NC_017096	35	1558103
NC_006674	56	14547
NC_010682	63	3942557
NC_008765	62	72689
NC_017470	38	1894401
NC_011567	42	2846746
NC_013895	44	1809746
NC_011092	54	110227
NC_010104	57	1206800
NC_016777	57	1162259
NC_016587	68	645253
NC_008800	47	4615899
NC_014733	55	2862391
NC_003450	54	3309401
NC_002695	51	5498450
NC_002608	59	365425
NC_011256	30	66407
NC_009083	36	13408
NC_017060	52	570951
NC_016940	46	4345237
NC_007504	57	1852
NC_017262	46	2021773
NC_011138	45	4448980
NC_009780	57	131196
NC_014149	57	37010
NC_015391	35	2635294
NC_015977	48	3592125
NC_014306	55	5100167
NC_017264	45	9600
NC_008600	35	5257091
NC_012659	35	5227419
NC_014106	37	2043161
NC_007295	29	897405
NC_011660	38	2976212
NC_015705	43	44754
NC_014658	32	1243342
NC_010470	37	38713
NC_017018	39	16067
NC_017040	38	1750832
NC_007428	61	23486
NC_013746	55	180781
NC_015168	43	19280
NC_014218	53	1986154
NC_009442	41	2096309
NC_010672	49	7437
NC_010471	39	1796284
NC_006833	34	1080084
NC_017361	38	1653913
NC_007604	55	2695903
NC_015223	43	92707
NC_017431	41	1043025
NC_010529	60	557200
NC_013200	44	64508
NC_014319	37	1954080
NC_015980	36	18715
NC_013862	53	39929
NC_003212	37	3011208
NC_008263	27	12397
NC_004459	46	3281866
NC_011747	49	133853
NC_012470	42	2149868
NC_015165	32	40303
NC_017856	48	2697465
NC_011595	39	3760981
NC_017411	26	22808
NC_008383	59	147463
NC_005824	35	350181
NC_017450	33	1913619
NC_017227	29	30949
NC_012000	32	4398
NC_006155	48	4744671
NC_010008	35	5428
NC_016051	55	2086428
NC_009468	62	187422
NC_014168	67	3157527
NC_011837	32	3896121
NC_017780	23	15552
NC_001732	28	58407
NC_003997	35	5227293
NC_006823	58	207355
NC_013958	53	65833
NC_009635	30	1569500
NC_009473	58	5629
NC_001855	27	36849
NC_007633	24	1010023
NC_017078	50	285449
NC_012417	29	3125
NC_016614	45	1974339
NC_007900	34	7552
NC_008048	66	3345170
NC_010553	61	301592
NC_003098	40	2038615
NC_015736	59	138927
NC_013928	37	2013587
NC_008752	69	5352772
NC_015711	71	9003593
NC_016629	61	4200534
NC_015958	34	2785056
NC_010552	67	2769414
NC_011333	39	1652982
NC_017375	39	1617426
NC_013501	65	3261604
NC_017784	32	10110
NC_000962	66	4411532
NC_017627	50	113346
NC_014629	38	23886
NC_008269	65	1123075
NC_017226	29	31118
NC_002163	31	1641481
NC_010084	67	3448466
NC_016588	67	295744
NC_008816	31	1669886
NC_016050	32	1283087
NC_016930	32	1287740
NC_014103	38	5097447
NC_004461	32	2499279
NC_008502	42	29061
NC_015663	55	5280350
NC_012912	55	4813854
NC_015427	28	39648
NC_011982	57	258824
NC_003134	50	96210
NC_011889	60	12638
NC_017642	50	90868
NC_010374	59	20019
NC_009794	51	5601
NC_010740	57	1161449
NC_014031	33	99694
NC_013008	51	5528136
NC_009328	49	3550319
NC_014734	39	3685504
NC_003047	63	3654135
NC_014309	66	2163376
NC_010498	50	5068389
NC_017783	19	10942
NC_007297	39	1838554
NC_017567	39	2159491
NC_013925	62	58487
NC_009881	32	1231060
NC_014414	61	2902643
NC_015179	61	54248
NC_011730	41	29239
NC_013530	72	3742776
NC_009037	46	16762
NC_004757	51	2812094
NC_017439	41	1042996
NC_010805	67	2473162
NC_008025	67	2467205
NC_017373	34	25916
NC_014970	39	1147259
NC_010181	33	75107
NC_007793	33	2872769
NC_016778	57	2107023
NC_007292	30	791654
NC_017638	51	4621430
NC_009227	62	265616
NC_017867	60	1938822
NC_009075	69	3127456
NC_007105	32	53501
NC_016593	52	3596620
NC_017434	41	1042522
NC_014408	49	1634695
NC_014751	24	1008951
NC_009749	32	1890909
NC_017224	29	30718
NC_008610	34	1160782
NC_017278	69	2243772
NC_009346	46	5153
NC_000912	40	816394
NC_008757	58	353291
NC_015183	59	2823930
NC_016027	61	3136818
NC_017461	37	1319206
NC_014135	37	3196
NC_017575	67	1949172
NC_010611	39	3904116
NC_013859	68	537299
NC_015968	54	4812833
NC_011993	51	4773108
NC_010528	68	3416911
NC_016635	38	1815
NC_015701	37	19059
NC_013442	65	81410
NC_017590	68	142731
NC_005004	29	24365
NC_012657	24	9953
NC_009636	62	3781904
NC_011998	33	3417
NC_013512	39	2306351
NC_014120	59	489136
NC_000963	29	1111523
NC_017253	26	641716
NC_017057	29	1112101
NC_017822	22	17493
NC_005810	48	4595065
NC_014934	34	4888353
NC_017211	32	8252
NC_008230	35	3661
NC_014909	28	722585
NC_015559	44	3899940
NC_017168	48	4553770
NC_017396	29	30019
NC_008533	40	2046115
NC_006351	68	3173005
NC_014639	43	4168266
NC_000907	38	1830138
NC_009933	45	120693
NC_017171	39	3991133
NC_017067	57	3989480
NC_012472	35	5269628
NC_017782	21	11572
NC_013956	54	4703373
NC_014249	36	109570
NC_012528	61	396459
NC_015577	50	3855671
NC_008618	59	2089645
NC_011892	66	487734
NC_009952	66	3789584
NC_006449	39	1796226
NC_010742	57	2122487
NC_002929	68	4086189
NC_011080	52	4827641
NC_004369	63	3147090
NC_010715	34	17207
NC_017350	29	22317
NC_016822	51	4988504
NC_015573	55	3601386
NC_014008	54	3750771
NC_017800	28	2287
NC_016584	43	5863081
NC_011878	27	6054
NC_017528	66	4406587
NC_015381	67	4413616
NC_013941	51	5386352
NC_008564	27	59958
NC_017055	31	15099
NC_010399	67	50350
NC_016616	65	3806980
NC_007482	39	635328
NC_017228	29	29421
NC_014253	37	2242317
NC_016845	57	5333942
NC_017861	43	2119790
NC_016012	28	1515556
NC_009053	41	2274482
NC_010322	62	6078430
NC_014975	66	8383
NC_015061	52	4864217
NC_015737	51	2835737
NC_012855	58	389779
NC_009973	54	339639
NC_014171	35	5330088
NC_004917	36	1799146
NC_009668	56	1895911
NC_007510	66	3694126
NC_012658	28	3977794
NC_009511	68	5382261
NC_004349	44	161613
NC_010338	67	5477872
NC_010369	59	194963
NC_008568	25	28533
NC_015974	64	148801
NC_015756	37	18992
NC_011653	31	2016657
NC_017651	51	5038386
NC_017260	28	4884
NC_009927	45	356087
NC_015601	37	1787941
NC_014722	61	2755309
NC_012471	41	2253793
NC_017556	60	31555
NC_015580	64	3911486
NC_005231	49	44343
NC_014308	61	12811
NC_015057	60	475658
NC_008711	62	4597686
NC_016111	73	6283062
NC_003210	38	2944528
NC_017539	61	167269
NC_009800	51	4643538
NC_011781	25	28414
NC_017594	40	2138805
NC_008573	46	278942
NC_006128	26	27108
NC_011126	35	1559514
NC_017573	56	5442549
NC_008503	34	14041
NC_014728	45	6223
NC_015853	58	14110
NC_009085	39	3976747
NC_006511	52	4585229
NC_017033	63	3603458
NC_017815	17	4031
NC_009524	45	2978976
NC_015592	58	70499
NC_017819	23	2091
NC_008245	32	1892616
NC_013223	58	2864304
NC_017276	35	2522992
NC_016445	48	3031375
NC_010118	22	245530
NC_009349	53	166749
NC_010504	61	22114
NC_015563	67	6685842
NC_012967	51	4629812
NC_013354	49	75546
NC_017192	27	2945673
NC_009089	29	4290252
NC_013165	60	3165038
NC_013929	71	10148695
NC_015679	30	4085
NC_014624	47	4316707
NC_008545	62	164857
NC_008819	35	1864731
NC_007513	54	2234828
NC_015064	61	4309153
NC_013416	45	2105764
NC_011749	50	122301
NC_017776	28	4881
NC_009494	38	3576470
NC_012730	33	1288492
NC_010645	62	3732255
NC_008704	67	216763
NC_008258	51	4574284
NC_011898	37	4068724
NC_013887	32	1760939
NC_014666	72	8815781
NC_008380	61	5057142
NC_003132	45	9612
NC_009972	51	6346587
NC_008243	60	131247
NC_017286	33	7530
NC_009350	54	155098
NC_017425	29	30804
NC_002755	66	4403837
NC_015913	28	1620005
NC_016023	46	3552226
NC_010125	66	3944163
NC_015954	64	2913689
NC_015684	62	3595748
NC_007958	65	4892717
NC_015389	60	2115681
NC_010935	63	91181
NC_005364	24	1211703
NC_013516	21	10702
NC_015904	29	30529
NC_007481	40	3214944
NC_017762	32	23054
NC_015759	35	1422478
NC_014211	72	775354
NC_012851	61	51398
NC_008382	58	151564
NC_002976	32	2616530
NC_012883	40	1845800
NC_006397	57	288050
NC_017120	56	3035
NC_006087	68	2584158
NC_011736	29	30964
NC_012791	68	5626353
NC_007606	51	4369232
NC_002679	59	351911
NC_004838	50	100990
NC_007925	65	5513844
NC_011083	52	4888768
NC_008528	38	1780517
NC_017369	34	9129
NC_013198	47	3010111
NC_011772	35	5387334
NC_009832	55	5448853
NC_011528	43	2063100
NC_017043	33	1279798
NC_013749	58	15815
NC_014664	62	4014469
NC_010404	37	94413
NC_015634	47	3073079
NC_007941	51	114230
NC_012590	61	2790189
NC_012489	64	4636964
NC_014160	47	1316595
NC_015731	45	3783444
NC_017401	26	26498
NC_015218	37	12568
NC_017030	70	10080619
NC_010846	37	74117
NC_010394	68	23319
NC_008554	60	4990251
NC_002253	27	7786
NC_017623	52	4750465
NC_003131	45	70305
NC_015683	53	2606374
NC_000915	39	1667867
NC_006908	25	777079
NC_017579	46	5242964
NC_017259	24	615380
NC_017256	26	641794
NC_003063	59	2075577
NC_017538	63	3539447
NC_012032	57	5268950
NC_011777	34	272145
NC_014014	27	934379
NC_017761	39	2078348
NC_009445	66	7456587
NC_015576	68	4643668
NC_000914	58	536165
NC_000921	39	1643831
NC_011726	40	4679413
NC_017329	53	6200
NC_011658	36	5269030
NC_007414	48	92077
NC_017735	36	1833666
NC_011890	67	9829
NC_017724	47	94797
NC_013850	58	5458505
NC_007577	31	1709204
NC_009922	36	3123558
NC_017407	25	30096
NC_010157	45	68190
NC_008570	62	4744448
NC_015052	60	2400312
NC_017143	53	191427
NC_016972	71	73285
NC_007930	32	242436
NC_017257	27	7784
NC_013793	35	105029
NC_003155	71	9025608
NC_017035	47	5360
NC_017737	35	1947646
NC_006055	27	793224
NC_002678	63	7036071
NC_009512	62	5959964
NC_005070	59	2434428
NC_007490	64	100828
NC_003062	59	2841580
NC_014307	66	3417386
NC_010510	70	586164
NC_010683	60	80934
NC_017242	21	3260
NC_014763	43	3421
NC_017490	39	1963964
NC_011224	25	11226
NC_011585	34	8729
NC_009632	33	2906507
NC_007204	43	2650701
NC_011527	43	2008870
NC_016776	43	5373121
NC_003318	57	1177787
NC_013366	50	77690
NC_014958	70	3498530
NC_005232	43	106004
NC_017285	41	1241020
NC_013409	30	4704
NC_017116	56	3035
NC_015713	42	2496337
NC_007799	30	1176248
NC_017643	52	65549
NC_015178	63	271573
NC_015066	65	3624
NC_017021	33	22851
NC_013367	50	8140
NC_011297	34	1959987
NC_016600	68	45552
NC_017313	35	51104
NC_016792	34	270082
NC_013740	56	2329769
NC_011891	75	5029329
NC_017177	25	300869
NC_003911	64	4109442
NC_004113	54	2593857
NC_014924	70	3419049
NC_009652	41	4259
NC_015407	29	1840
NC_002967	38	2843201
NC_009257	32	1898476
NC_017052	48	3570103
NC_010474	47	186459
NC_010480	45	124030
NC_011185	35	179459
NC_009038	40	7995
NC_006392	57	50060
NC_017039	48	3570114
NC_001857	28	53657
NC_008607	48	202397
NC_013921	34	2451061
NC_011725	35	5419036
NC_008726	68	6491865
NC_017508	54	42349
NC_014833	44	3685408
NC_013224	44	45263
NC_012793	43	3464618
NC_014920	38	1985832
NC_003065	57	214233
NC_013965	56	6359
NC_017507	51	187465
NC_017199	34	139013
NC_013505	30	25652
NC_010161	39	2619061
NC_017222	61	6230
NC_011002	67	875977
NC_015852	60	9778
NC_000913	51	4639675
NC_009433	59	13873
NC_017312	37	2988673
NC_017258	26	3645
NC_017515	51	2250449
NC_003317	57	2117144
NC_014552	27	977524
NC_007899	39	1166239
NC_010120	52	2153416
NC_015633	45	3063912
NC_016793	35	3869
NC_008150	48	4702289
NC_015761	51	4460105
NC_015425	28	2773157
NC_009943	56	3944167
NC_017082	64	7231841
NC_010513	52	2475130
NC_008501	35	3361
NC_017488	34	2262
NC_017805	70	432699
NC_013370	48	97897
NC_012634	33	12377
NC_011259	29	23036
NC_014311	66	3520618
NC_017342	33	2802675
NC_004319	54	23743
NC_013890	47	1360154
NC_006675	54	13223
NC_009953	70	5786361
NC_012587	63	3925702
NC_008229	38	1553927
NC_017355	39	1588278
NC_016910	43	16955
NC_014390	38	186325
NC_007802	62	4317977
NC_015562	32	1854197
NC_013790	33	2937203
NC_011413	50	91158
NC_012483	60	4127356
NC_011985	60	4005130
NC_017167	62	3124048
NC_016515	49	63653
NC_013769	35	2722032
NC_009939	67	205686
NC_010520	28	3992906
NC_016893	25	719535
NC_011258	29	36869
NC_008120	50	96471
NS_000191	35	1125857
NC_017117	53	191427
NC_016936	46	54948
NC_013719	51	3910
NC_015947	67	4544477
NC_007955	41	2575032
NC_015637	44	988135
NC_008212	48	3132494
NC_010695	47	9299
NC_015566	56	5443009
NC_011757	68	5777908
NC_017668	42	4150632
NC_015856	60	5186898
NC_004070	39	1900521
NC_017344	27	27271
NC_002491	41	1226565
NC_012582	48	3024078
NC_014732	59	194834
NC_017857	45	3137192
NC_015600	37	2100077
NC_011737	37	197705
NC_005863	66	202301
NC_017778	24	173158
NC_017311	66	202305
NC_017509	28	925576
NC_004606	39	1894275
NC_000868	45	1765118
NC_013964	66	437906
NC_004703	47	33038
NC_009483	54	5136364
NC_002682	60	208315
NC_014504	42	43617
NC_014317	54	5611
NC_002128	48	92721
NC_006463	69	9322
NC_016907	66	174494
NC_017061	46	4242774
NC_013210	53	191799
NC_016001	33	3559884
NC_001853	25	28601
NC_007801	58	86072
NC_012989	64	38579
NC_017252	26	641770
NC_007507	60	182572
NC_016929	31	1150228
NC_013792	36	285222
NC_014302	48	23727
NC_011061	50	66772
NC_017031	52	2337657
NC_017208	35	5486830
NC_017469	50	1872918
NC_006673	56	26568
NC_009839	31	1628115
NC_007607	45	182726
NC_002942	38	3397754
NC_016906	67	5669805
NC_013957	50	28259
NC_017320	44	6850
NC_011978	47	1884562
NC_013930	62	240256
NC_012030	55	431338
NC_008254	61	4412446
NC_009567	38	1887192
NC_003923	33	2820462
NC_009838	46	241387
NC_010367	58	40894
NC_008390	67	3556545
NC_014756	38	51014
NC_015152	49	3316466
NC_017738	34	12465
NC_008836	68	3458208
NC_014543	44	4073
NC_013263	50	35909
NC_013316	29	4191339
NC_015058	56	188167
NC_011748	51	5154862
NC_002516	67	6264404
NC_009507	64	310228
NC_015848	66	4482059
NC_015666	66	3668009
NC_011742	51	5032268
NC_014738	35	2155121
NC_009254	66	1241007
NC_014007	63	190974
NC_015944	60	405816
NC_010296	42	5842795
NC_014633	34	961624
NC_008835	69	2284095
NC_012039	30	1525460
NC_014366	53	4587455
NC_000958	63	177466
NC_008343	59	2708355
NC_017729	35	5218947
NC_010717	64	5240075
NC_009650	53	107576
NC_007764	62	250948
NC_012810	67	24943
NC_016513	44	2136808
NC_011773	35	5302683
NC_015866	32	1278471
NC_015671	74	3526441
NC_006582	45	4303871
NC_011987	57	388169
NC_017304	39	3561619
NC_008385	66	43581
NC_007296	38	1897573
NC_016904	50	103795
NC_014819	57	160346
NC_012923	36	24579
NC_010794	45	2287145
NC_009767	61	5723298
NC_005814	49	21742
NC_010167	57	1400844
NC_010530	68	2502411
NC_016827	35	37252
NC_014800	40	704884
NC_015907	26	26473
NC_015670	42	52076
NC_008527	36	2438589
NC_008790	29	45025
NC_017513	52	2184862
NC_015921	29	900755
NC_008027	64	5888780
NC_000117	41	1042519
NC_015689	61	133057
NC_012442	57	1185518
NC_014134	36	29616
NC_017655	46	5954
NC_015437	57	2568361
NC_006177	69	3566135
NC_014654	33	2613117
NC_008787	31	1616554
NC_012970	46	76680
NC_013208	54	7907
NC_017104	53	191799
NC_015716	44	34161
NC_013412	45	45057
NC_015734	38	1877273
NC_011415	51	4887515
NC_017359	39	1560342
NC_017380	37	3253
NC_017245	57	1185615
NC_015846	36	2571406
NC_006140	29	14664
NC_006086	39	1899877
NC_017514	51	2223518
NC_011601	51	4965553
NC_009470	60	37415
NC_017804	27	61166
NC_017420	23	23394
NC_014616	63	2186882
NC_008119	45	10778
NC_014335	35	5196054
NC_016605	37	1829111
NC_010400	39	3421954
NC_008599	33	1773615
NC_015276	44	4684316
NC_006814	35	1993560
NC_008499	39	35595
NC_014918	61	425539
NC_009504	57	1164220
NC_017629	51	1564
NC_014827	43	7420
NC_010730	32	1838442
NC_006375	39	1917
NC_017229	26	26539
NC_011896	58	3268071
NC_002939	61	3814139
NC_014371	41	1371874
NC_011350	48	94644
NC_007797	42	1471282
NC_007169	30	2300
NC_008512	17	159662
NC_008061	67	2788459
NC_015722	37	1183732
NC_009253	42	3608104
NC_016856	52	4870265
NC_008260	55	3120143
NC_014377	47	2280035
NC_009719	62	3914745
NC_011776	35	3091
NC_011311	40	83540
NC_010503	25	751679
NC_010424	61	2349476
NC_005008	30	4439
NC_005042	36	1751080
NC_009788	50	70609
NC_017125	53	2907267
NC_013408	46	10704
NC_016030	57	2218
NC_012815	60	1938483
NC_016787	54	2478364
NC_011134	42	2024171
NC_015213	35	7197
NC_007086	65	5148708
NC_011059	50	2512923
NC_007775	60	2932766
NC_008388	55	16575
NC_012892	51	4558947
NC_010545	64	2369219
NC_003228	43	5205140
NC_006391	60	39521
NC_015702	39	3072383
NC_017237	24	33903
NC_013943	43	3222077
NC_008024	38	1937111
NC_017479	39	44581
NC_017119	54	49961
NC_016884	57	3472898
NC_009488	31	2127051
NC_017639	49	81883
NC_008244	62	47561
NC_014169	60	2477838
NC_010475	50	3008047
NC_012583	47	1111222
NC_004061	25	641454
NC_017371	39	1709911
NC_003551	61	1694969
NC_010519	37	2263857
NC_012124	53	55414
NC_015496	37	3389993
NC_009513	39	1999618
NC_014222	29	1936387
NC_010517	64	37743
NC_009727	42	2158758
NC_011147	52	4581797
NC_016636	38	17830
NC_007489	64	105284
NC_017233	24	22901
NC_012668	48	3149584
NC_015475	44	69704
NC_009934	43	2133
NC_016114	71	7337497
NC_016807	40	817176
NC_017307	52	2320595
NC_007347	65	3806533
NC_015184	57	601551
NC_011296	34	2003803
NC_016781	52	2337938
NC_006625	50	224152
NC_011774	33	140001
NC_016859	61	8688
NC_010549	37	4885
NC_009474	59	4909
NC_010506	44	5935403
NC_004463	64	9105828
NC_011744	44	1675515
NC_016803	65	3858580
NC_008567	25	32368
NC_007483	52	40420
NC_017152	59	1815
NC_014632	35	2046464
NC_010009	35	9098
NC_006129	26	55560
NC_017818	29	25137
NC_010602	39	3599677
NC_017670	36	3329
NC_015063	48	133486
NC_009427	66	487268
NC_017586	73	6282967
NC_014561	53	167983
NC_014216	60	3097763
NC_007644	56	2628784
NC_014921	27	1118751
NC_017808	28	919477
NC_007110	34	62829
NC_017785	27	3308
NC_011366	62	501946
NC_017399	24	8722
NC_017107	56	3035
NC_014973	61	5277406
NC_013170	51	1617804
NC_009713	34	3678
NC_015137	64	2770302
NC_009431	69	121962
NC_007681	28	1767403
NC_017625	51	4630707
NC_007435	68	3181762
NC_013962	35	7737
NC_016933	32	1968651
NC_016620	37	3435933
NC_016586	68	750123
NC_007716	27	706569
NC_012721	69	2827333
NC_014729	61	2820544
NC_003295	67	3716413
NC_006348	68	3510148
NC_012807	68	44195
NC_017238	28	903609
NC_007880	32	1895994
NC_017809	29	5850
NC_015906	27	66242
NC_017047	52	4962173
NC_013452	30	4440
NC_014974	65	2346803
NC_017027	40	2402218
NC_007954	45	4545906
NC_017118	53	182940
NC_009651	54	88582
NC_014643	54	2506025
NC_012439	34	53682
NC_011780	32	23422
NC_013357	44	40818
NC_009829	49	46804
NC_003143	48	4653728
NC_017140	32	9699
NC_010512	66	1224595
NC_017336	29	3158
NC_015322	36	25284
NC_015508	58	2148289
NC_014033	48	3619559
NC_015419	26	12403
NC_013888	32	12197
NC_013369	47	85167
NC_003240	40	186614
NC_017155	50	94249
NC_013741	42	1560622
NC_010396	35	25014
NC_012785	42	2302126
NC_005362	35	1992676
NC_011995	28	15667
NC_016627	36	4897678
NC_017510	49	39054
NC_015423	62	75488
NC_009670	59	101491
NC_014148	54	5423075
NC_013265	53	4955
NC_004545	25	615980
NC_017379	39	1646139
NC_017261	26	7689
NC_008826	66	599444
NC_017356	34	7228
NC_015161	66	2147060
NC_004551	46	925938
NC_008506	35	47208
NC_017584	65	4352825
NC_009926	47	374161
NC_012028	57	525943
NC_017289	39	1172197
NC_003869	38	2689445
NC_016939	32	15000
NC_015975	43	2066652
NC_004311	57	1207381
NC_016785	54	2433326
NC_011186	37	1418848
NC_014972	59	3851869
NC_010524	69	4909403
NC_012037	43	3653
NC_016780	31	10288
NC_006154	45	27702
NC_008596	67	6988209
NC_003037	60	1354226
NC_014820	57	2045086
NC_009516	38	13956
NC_013353	51	5449314
NC_014172	33	312963
NC_017130	53	191419
NC_009795	32	30949
NC_007205	30	1308759
NC_010473	51	4686137
NC_017074	47	35182
NC_009377	45	71507
NC_016149	47	31872
NC_000952	29	30800
NC_009084	35	11302
NC_006361	71	6021225
NC_009782	33	2880168
NC_010694	54	3883467
NC_003028	40	2160842
NC_017769	40	2145902
NC_015581	47	1932455
NC_014220	51	2405559
NC_000918	43	1551335
NC_013732	51	146936
NC_017582	42	2167264
NC_003140	29	24653
NC_017457	44	100258
NC_014829	37	4681672
NC_002952	33	2902619
NC_010555	36	36289
NC_009456	47	1108250
NC_010610	51	2098685
NC_012214	53	4026322
NC_011370	58	308747
NC_015377	63	129399
NC_017806	62	54602
NC_017781	28	13275
NC_010698	39	1608548
NC_017296	31	191996
NC_016047	44	4207222
NC_016612	56	5974109
NC_014355	59	4317083
NC_012854	60	294782
NC_013282	57	4384463
NC_011498	39	1673813
NC_013519	29	13648
NC_008781	63	4410291
NC_009379	45	2159490
NC_017542	45	5864546
NC_017787	24	50097
NC_014834	65	5404117
NC_011879	64	426858
NC_008341	50	65132
NC_013517	33	4418842
NC_017360	39	1566655
NC_012704	57	2446804
NC_017077	48	29781
NC_008751	63	3462887
NC_013791	40	3858997
NC_007763	62	184338
NC_014818	60	244260
NC_003030	31	3940880
NC_008555	36	2814130
NC_015277	41	6226409
NC_003909	36	5224283
NC_011351	40	37452
NC_008346	45	2936195
NC_017570	44	72392
NC_015709	44	1989865
NC_017517	51	2287777
NC_012731	58	5248520
NC_015717	59	4757528
NC_012633	32	1278540
NC_014652	36	2770676
NC_017070	42	29913
NC_010320	35	2457259
NC_017472	35	78145
NC_017189	42	6758
NC_002677	58	3268203
NC_002662	35	2365589
NC_017377	36	12783
NC_017358	39	1635449
NC_010070	61	167422
NC_005303	28	853092
NC_008507	34	14206
NC_012469	40	2112148
NC_015678	42	2153652
NC_017506	57	4421911
NC_013718	42	39265
NC_009614	42	5163189
NC_015687	31	3942462
NC_009637	33	1772694
NC_006369	38	3345687
NC_010644	40	1643562
NC_015728	59	83129
NC_017115	54	3204
NC_002182	36	7501
NC_017846	44	2309073
NC_009932	46	155110
NC_017121	53	2906044
NC_007333	68	3642249
NC_014556	33	8712
NC_014364	49	4653970
NC_013440	69	9446314
NC_008510	40	3576473
NC_017269	48	946986
NC_008758	58	190172
NC_002754	36	2992245
NC_008699	72	4985871
NC_008378	61	870021
NC_016788	53	2484332
NC_008942	50	1804962
NC_013446	61	5373643
NC_017518	51	2248966
NC_007959	60	294829
NC_009036	42	74000
NC_014313	61	3638969
NC_007762	58	194229
NC_016862	61	8670
NC_008463	66	6537648
NC_015418	27	80365
NC_010697	44	48751
NC_010482	49	1590757
NC_010508	67	3532883
NC_017277	48	3571103
NC_009049	69	3147721
NC_009339	65	321253
NC_016750	35	12728
NC_014804	42	2010078
NC_017634	51	4747819
NC_017592	40	2036867
NC_017719	61	8688
NC_015589	47	3969014
NC_014316	51	39105
NC_008087	36	9370
NC_014926	52	1682965
NC_005815	50	106642
NC_014644	41	1667350
NC_015955	56	705810
NC_017230	29	30000
NC_010467	33	17971
NC_002978	35	1267782
NC_001733	29	16550
NC_003272	41	6413771
NC_016516	60	2489623
NC_013284	49	22448
NC_017112	59	1815
NC_004604	36	53865
NC_007413	41	6365727
NC_017299	28	3919740
NC_011834	26	641895
NC_015697	39	2264399
NC_007432	36	2127839
NC_014759	36	4511574
NC_017552	35	359372
NC_017648	47	5163
NC_010816	60	2375792
NC_017216	60	1943990
NC_015760	40	2217184
NC_016903	46	5360
NC_012226	22	35940
NC_015214	38	2078001
NC_006322	46	4222645
NC_008147	67	215075
NC_015517	29	177718
NC_016844	53	1139971
NC_010657	41	33103
NC_013757	74	5322497
NC_017522	66	4405981
NC_009671	54	93589
NC_012523	65	111160
NC_014023	33	164406
NC_014213	65	347854
NC_017221	60	2385301
NC_010103	57	2105969
NC_016621	24	605745
NC_016771	36	5221581
NC_017408	32	26981
NC_012632	35	2692402
NC_017137	59	1815
NC_004632	56	67473
NC_002951	33	2809422
NC_016782	53	2426551
NC_013518	28	54160
NC_006153	45	68525
NC_014305	52	169778
NC_010547	39	429701
NC_006512	47	2839318
NC_017378	39	1624979
NC_010478	44	31972
NC_015499	34	1898865
NC_012797	58	58704
NC_009725	46	3918589
NC_011997	33	2131
NC_010403	38	2726
NC_007005	59	6093698
NC_017395	26	26525
NC_011885	49	179973
